pincode,city,district,state,office_names,latitude,longitude,served,launch_on
110001,Delhi,NEW DELHI,DELHI,Baroda House SO;Bengali Market SO;Bhagat Singh Market SO;CAT EXTENSION COUNTER;Connaught Place SO;Election Commission SO;Janpath SO;Krishi Bhawan SO;Lady Harding Medical College SO;New Delhi GPO;NGT EXTENSION COUNTER;North Avenue SO;Parliament House SO;Patiala House SO;Pragati Maidan SO;Rail Bhawan SO;RML EXTN COUNTER NDHO;Sansad Marg HO;Sansadiya Soudh SO;Secretariat North SO;Shastri Bhawan SO;South Avenue SO;Supreme Court SO,28.626806,77.206630,,
110002,Delhi,CENTRAL,DELHI,AGCR SO;Ajmeri Gate Extn SO;Civic Centre PO;Darya Ganj SO;Gandhi Smarak Nidhi SO;Indraprastha HO;IPEstate SO;Minto Road SO;Rouse Avenue Extension Counter SO,28.631778,77.240250,,
110003,Delhi,NEW DELHI;SOUTH;SOUTH EAST,DELHI,Aliganj SO South Delhi;C G O Complex SO;Delhi High Court Extension Counter SO;Delhi High Court SO;Golf Links SO;Kasturba Nagar SO South Delhi;Lodi Road HO;Pandara Road SO;Pragati Vihar SO;Safdarjung Air Port SO,28.589611,77.219194,,
110004,Delhi,NEW DELHI,DELHI,Rashtrapati Bhawan SO,28.621083,77.196139,,
110005,Delhi,CENTRAL,DELHI,Anand Parbat Indl Area SO;Anand Parbat SO;Bank Street SO Central Delhi;Desh Bandhu Gupta Road SO;Guru Gobind Singh Marg SO;Karol Bagh SO;Master Prithvi Nath Marg SO;Sat Nagar SO,28.650028,77.193833,,
110006,Delhi,NORTH,DELHI,Baratooti SO;Chandni Chowk SO;Chawri Bazar SO;Dareeba SO;Delhi GPO;Delhi Sadar Bazar SO;Hauz Qazi SO;Jama Masjid SO,28.662197,77.235397,,
110007,Delhi,CENTRAL;NORTH;NORTH WEST,DELHI,Delhi University SO;Gulabi Bagh SO;Jawahar Nagar SO North Delhi;Malka Ganj SO;Padam Nagar SO North Delhi;Rana Pratap Bagh SO;RCAO SO;Roshan Ara Road SO;Shakti Nagar SO North Delhi,28.676583,77.208833,,
110008,Delhi,WEST,DELHI,Dada Ghosh Bhawan SO;Patel Nagar East SO;Patel Nagar SO Central Delhi;Patel Nagar South SO;Patel Nagar West SO,28.647600,77.169500,,
110009,Delhi,NORTH;NORTH WEST,DELHI,DrMukerjee Nagar SO;G T B Nagar extension SO;GTB Nagar SO;Gujranwala Colony SO;Model Town II SO;Model Town III SO;Nirankari Colony SO,28.698444,77.202111,,
110010,Delhi,NEW DELHI,DELHI,A F Palam SO;Aps Colony BO;COD SO South West Delhi;CVD SO;Delhi Cantt SO;Dhaula Kuan SO;Kirby Place SO;Pinto Park SO;R R Hospital SO;Station Road SO South West Delhi;Subroto Park SO,28.595916,77.136464,,
110011,Delhi,NEW DELHI,DELHI,Nirman Bhawan SO;Udyog Bhawan SO,28.610861,77.214861,,
110012,Delhi,WEST,DELHI,IARI SO;Inderpuri SO;National Physical Laboratory SO,28.640194,77.165972,,
110013,Delhi,SOUTH;SOUTH EAST,DELHI,Dargah Sharif SO;Hazrat Nizamuddin SO,28.587750,77.250583,,
110014,Delhi,SOUTH;SOUTH EAST,DELHI,Hari Nagar Ashram SO;Jeevan Nagar BO;Jungpura SO;Pratap Market SO,28.583861,77.243194,,
110015,Delhi,WEST,DELHI,ESI S.O;Karam Pura S.O;L. M. Nagar Indl. Area S.O;Mansarover Garden S.O;Moti Nagar S.O;Ramesh Nagar H.O;Zakhira S.O,28.649861,77.130667,,
110016,Delhi,SOUTH,DELHI,Green Park Market SO;Hauz Khas Market SO;Hauz Khas SO;IT Hauz Khas SO;NIE Campus SO;Technology Bhawan SO,28.546099,77.201160,,
110017,Delhi,SOUTH,DELHI,Distt Court Complex Saket SO;Malviya Nagar SO South Delhi;MMTCSTC Colony SO;Panchsheel Enclave SO;Pushp Vihar SO;Saket SO South Delhi;Sarvodya Enclave SO;South Malviya Nagar SO,28.537654,77.214682,,
110018,Delhi,WEST,DELHI,Ashok Nagar S.O (West Delhi);Chand Nagar S.O;Chaukhandi B.O;Fateh Nagar S.O;Khyala Phase I S.O;Khyala Phase II S.O;M.B.S. Nagar S.O;Mahabir Nagar S.O;NDC TILAK NAGAR;Tilak Nagar East S.O;Tilak Nagar S.O (West Delhi);Vikas Puri S.O;Vishnu Garden S.O,28.649861,77.130667,,
110019,Delhi,SOUTH;SOUTH EAST,DELHI,Alaknanda SO;Chittranjan Park SO;Kalkaji HO;Nehru Place SO,28.543167,77.257667,,
110020,Delhi,SOUTH;SOUTH EAST,DELHI,C R R I SO South Delhi;F F C Okhla SO;Okhla Industrial Area Phasei SO;Okhla Industrial Estate SO;Tehkhand BO,28.552111,77.268667,,
110021,Delhi,NEW DELHI,DELHI,Anand Niketan SO;Chanakya Puri SO;Malcha Marg SO;Moti Bagh SO;Nanak Pura SO;South Delhi Campus SO,28.583723,77.190064,,
110022,Delhi,NEW DELHI,DELHI,R K Puram Sect1 SO;R K Puram Sect12 SO;R K Puram Sect3 SO;R K Puram Sect4 SO;R K Puram Sect5 SO;R K Puram Sect7 SO;R K Puram Sect8 SO;R K Puram Sector 6 Postal SB SO,28.562224,77.172430,,
110023,Delhi,NEW DELHI,DELHI,Kidwai Nagar East SO;Kidwai Nagar West SO;Laxmi Bai Nagar SO;Netaji Nagar SO South West Delhi;Sarojini Nagar HO,28.575476,77.199648,,
110024,Delhi,SOUTH;SOUTH EAST,DELHI,Amar Colony SO;Defence Colony SO South Delhi;Krishna Market SO;Lajpat Nagar South Delhi SO,28.538167,77.215028,,
110025,Delhi,SOUTH;SOUTH EAST,DELHI,Jamia Nagar SO;New Friends Colony SO;Sukhdev Vihar SO;Zakir Nagar SO,28.561861,77.268250,,
110026,Delhi,WEST,DELHI,Ashoka Park Extn. S.O;Punjabi Bagh S.O;Punjabi Bagh Sec III S.O;Shivaji Park S.O (West Delhi),28.667861,77.143444,,
110027,Delhi,WEST,DELHI,Janta Market S.O;Rajouri Garden J 6 S.O;Rajouri Market S.O;Subhash Nagar S.O (West Delhi);Subhash Nagar West S.O;Tagore Garden S.O,28.646722,77.112472,,
110028,Delhi,NEW DELHI,DELHI,Naraina Industrial Estate H.O;Naraina Village S.O,28.632141,77.138852,,
110029,Delhi,SOUTH,DELHI,Ansari Nagar SO;Safdarjung Enclave SO,28.566423,77.199870,,
110030,Delhi,SOUTH,DELHI,Gadaipur BO;Ghitorni BO;Lado Sarai BO;Mehrauli SO;Paryavaran Complex SO;Sultanpur BO;T B Hospital SO,28.517611,77.179361,,
110031,Delhi,EAST;SHAHDARA,DELHI,Gandhi Nagar Bazar SO;Gandhi Nagar SO East Delhi;Geeta Colony SO;Kailash Nagar SO;Rajgarh Colony SO;Shastri Nagar SO East Delhi,28.692111,77.304222,,
110032,Delhi,SHAHDARA,DELHI,Babarpur SO North East Delhi;Balbir Nagar SO;Bhola Nath Nagar SO;Distt Court KKD SO;Loni Road SO;Man Sarovar Park SO;Rohtash Nagar SO;Shahdara Mandi SO;Shahdara SO;Shivaji Park SO East Delhi;Vishwas Nagar SO,28.675417,77.290361,,
110033,Delhi,NORTH,DELHI,Adrash Nagar SO;Bhalaswa BO;Jahangir Puri A Block SO;Jahangir Puri D Block SO;Jahangir Puri H Block SO;NSMandi SO,28.712694,77.173333,,
110034,Delhi,NORTH WEST,DELHI,Anandvas Shakurpur SO;Maurya Enclave SO;Rani Bagh SO;Saraswati Vihar SO;Shakur Pur I Block SO;Shakurbasti Rs SO;Sri Nagar Colony SO,28.697278,77.126944,,
110035,Delhi,NORTH WEST,DELHI,C4 Keshav Puram SO North West Delhi;Ganeshpura SO;Keshavpuram SO;Power House SO;Rampura BO;Sarai Rohilla SO,28.692111,77.157861,,
110036,Delhi,NORTH,DELHI,Alipur SO;Bakhtawar Pur BO;Bakoli BO;Hiranki BO;Kadipur BO;Khampur BO;Mukhmelpur BO;Nangal Poona BO;Palla BO,28.797806,77.130000,,
110037,Delhi,NEW DELHI,DELHI,Gurgaon Road SO;IGI Airport SO;Mahipalpur BO;Nangal Dewat BO;Palam Airport SO,28.545674,77.123159,,
110038,Delhi,NEW DELHI,DELHI,A F Rajokari SO;Rajokari BO,28.518057,77.101608,,
110039,Delhi,NORTH;NORTH WEST,DELHI,Auchandi BO;Barwala BO;Bawana SO;Ghoga BO;Hareveli BO;Jat Khore BO;Katewara BO;Mungeshpur BO;Nangal Thakran BO;Pooth Khurd BO;Qutabagarh BO,28.799694,77.038056,,
110040,Delhi,NORTH,DELHI,Bankner BO;Bhorgarh BO;Kanya Gurukul BO;Lampur BO;Narela SO;NARELA TOWN;Sannoth SO;Singhu BO;Tikri Khurd,28.850806,77.088056,,
110041,Delhi,WEST,DELHI,Bakkarwala B.O;Hirankudna B.O;Kunwar Singh Nagar PO;Mundka SO;Nangloi II B.O;Nangloi III S.O;Nangloi S.O;Neelwal BO;Nilothi B.O;Ranhola B.O;Tikri Kalan B.O,28.679583,77.066056,,
110042,Delhi,NORTH;NORTH WEST,DELHI,Badli SO North West Delhi;Delhi Engg College SO;Mukundpur Village;Pehlad Pur BO;Samai Pur SO;Shahbad Dairy PO;Siraspur BO,28.744111,77.145000,,
110043,Delhi,WEST,DELHI,Arjun Park PO;Baprola B.O;Chanchal Park SO;Daulatpur B.O;Dichaun Kalan B.O;Dindarpur B.O;Durga Park PO;Gopal Nagar SO;Jhatikara B.O;Kair B.O;Khaira B.O;Mitraon B.O;Najafgarh S.O;Pandwala Kalan B.O;Papravat B.O;Rewla Khanpur B.O;SHYAM VIHAR S.O;Surehra B.O;Tilangpur Kotla B.O,28.607195,76.984570,,
110044,Delhi,SOUTH;SOUTH EAST,DELHI,Badarpur SO South Delhi;Jaitpur BO;Jaitpur SO South Delhi;Lal Kuan BO;Meethapur SO;Molarband BO;Pul Pahladpur BO;Tugalkabad Railway Colony SO;Village Tugalkabad BO,28.504200,77.302200,,
110045,Delhi,SOUTH WEST,DELHI,Dabri B.O;Indira Park B.O;Nasirpur B.O;Palam Village S.O,28.591167,77.090556,,
110046,Delhi,NEW DELHI,DELHI,Nangal Raya S.O;Sagarpur S.O,28.611056,77.108806,,
110047,Delhi,SOUTH,DELHI,Arjungarh SO;Aya Nagar S.O;Jaunapur BO;Mandi BO,28.478918,77.120143,,
110048,Delhi,SOUTH;SOUTH EAST,DELHI,Greater Kailash SO;Kailash Colony SO;Masjid Moth SO,28.537667,77.238139,,
110049,Delhi,SOUTH;SOUTH EAST,DELHI,Andrewsganj SO;Gautam Nagar SO;Gulmohar Park SO;New Delhi South ExtII SO;Sadiq Nagar SO;Sahpurjat BO,28.564028,77.232417,,
110051,Delhi,EAST;SHAHDARA,DELHI,Azad Nagar SO East Delhi;Govind Pura SO;Krishna Nagar HO;Ram Nagar SO East Delhi,28.645733,77.299774,,
110052,Delhi,NORTH;NORTH WEST,DELHI,Ashok Vihar HO;Nimri SO;Satyawati Nagar SO;Wazir Pur III SO,28.693361,77.171389,,
110053,Delhi,NORTH EAST,DELHI,Bhajan Pura SO;Brahampuri SO;Garhi Mandu BO;Jagjit Nagar SO;Maujpur SO;New Usmanpur BO;Seelampur SO;Yamuna Vihar SO,28.673778,77.276389,,
110054,Delhi,CENTRAL,DELHI,Aruna Nagar SO;Civil Lines SO North Delhi;District Courts SO North Delhi;Patrachar Vidyalay SO;Timarpur SO,28.662417,77.234833,,
110055,Delhi,CENTRAL;WEST,DELHI,AKMarket SO;Multani Dhanda SO;Pahar Ganj SO;SRT NAGAR EXTENSION COUNTER;Swami Ram Tirth Nagar SO,28.646083,77.202528,,
110056,Delhi,NORTH WEST,DELHI,Shakur Basti Depot SO,28.682722,77.111111,,
110057,Delhi,NEW DELHI,DELHI,Vasant Vihar1 SO;Vasant Vihar2 SO,28.568000,77.159417,,
110058,Delhi,WEST,DELHI,D.E.S.U. Colony S.O;Jail Road S.O (West Delhi);Janakpuri A 3 S.O;Janakpuri B 1 S.O;Janakpuri C 4 S.O,28.630065,77.091207,,
110059,Delhi,WEST,DELHI,D. K. Mohan Garden S.O;Hastal Village B.O;Jeevan Park B.O;K5 Extn. Mohan Garden;Matiala B.O;Sanjay Enclave PO;Uttam Nagar S.O,28.621500,77.041528,,
110060,Delhi,CENTRAL,DELHI,Rajender Nagar SO,28.636722,77.183111,,
110061,Delhi,NEW DELHI;SOUTH WEST,DELHI,Bijwasan SO;Shahbad Mohammadpur BO,28.532850,77.051620,,
110062,Delhi,SOUTH,DELHI,Dakshinpuri PhaseI SO;Dakshinpuri PhaseII SO;Dakshinpuri PhaseIII SO;Dr Ambedkar Nagar SO South Delhi;Hamdard Nagar SO;Pushpa Bhawan SO,28.527611,77.232806,,
110063,Delhi,WEST,DELHI,Jawala Heri B.O;Madipur Slum Quarter S.O;Madipur Village S.O;Paschim Vihar B Block S.O;Paschim Vihar S.O,28.670528,77.102222,,
110064,Delhi,WEST,DELHI,Hari Nagar BE Block S.O;Hari Nagar Dadb Block S.O;Hari Nagar S.O (West Delhi);Maya Puri S.O;Mayapuri Shopping Centre S.O,28.631778,77.125917,,
110065,Delhi,SOUTH;SOUTH EAST,DELHI,East Of Kailash PhaseI SO;East Of Kailash SO;Nehru Nagar SO South Delhi;Sant Nagar SO South Delhi;Sriniwaspuri SO,28.564694,77.255583,,
110066,Delhi,NEW DELHI,DELHI,R K Puram Main SO;R K Puram West SO,28.567136,77.185239,,
110067,Delhi,NEW DELHI,DELHI,JNU New Campus SO;JNU SO;Munirka SO,28.550750,77.179278,,
110068,Delhi,SOUTH,DELHI,Ignou SO;Maidan Garhi BO,28.501222,77.200306,,
110069,Delhi,NEW DELHI,DELHI,Union Public Service Commission SO,28.622583,77.212722,,
110070,Delhi,NEW DELHI,DELHI,Masood Pur BO;Vasant Kunj PktA SO;Vasant Kunj SO,28.534162,77.152685,,
110071,Delhi,SOUTH WEST,DELHI,Badusarai B.O;Chhawla S.O;Kangan Heri B.O;Qutub Vihar SO,28.561300,77.001911,,
110072,Delhi,SOUTH WEST,DELHI,CRPF Jharoda Kalan S.O;Jharoda Kalan B.O,28.652588,76.956454,,
110073,Delhi,SOUTH WEST,DELHI,Dhansa S.O;Galib Pur B.O;Ghuman Hera B.O;Issapur B.O;Jafarpur B.O;Khera Dabur B.O;Malik Pur B.O;Mundela Kalan B.O;Quazipur B.O;Raota B.O;Ujwa S.O,28.570944,76.907694,,
110074,Delhi,SOUTH,DELHI,BHATI VILLAGE BO;Chandanhoola BO;Chattarpur SO;CSKM School BO;Dera BO;Fatehpur Beri S.O;Sanjay Colony Bhati Mines BO;Satbari,28.496388,77.184166,,
110075,Delhi,SOUTH WEST,DELHI,Amberhai B.O;District Court Complex Dwarka S.O;Dwarka Sec-6 S.O;NDC DWARKA SEC-6,28.606861,77.041528,,
110076,Delhi,SOUTH,DELHI,Ali BO;Madanpur Khadar BO;Sarita Vihar SO,28.534833,77.291167,,
110077,Delhi,NEW DELHI;SOUTH WEST,DELHI,Bagdola B.O;Barthal B.O;Dhulsiras B.O;Palam Extn (Harijan Basti) S.O;Raj Nagar II S.O,28.574806,77.078722,,
110078,Delhi,SOUTH WEST,DELHI,GGSIP University S.O;Kakrola B.O;N.S.I.T. Dwarka S.O,28.610222,77.037667,,
110080,Delhi,SOUTH,DELHI,Air Force Station Tugalkabad SO;BSF Camp Tigri SO;Deoli BO;Khanpur SO South Delhi;Sangam Vihar SO;Talimabad SO,28.500000,77.240000,,
110081,Delhi,NORTH WEST,DELHI,Chand Pur BO;Gheora BO;Jaunti BO;Kanjhawla SO;Karala BO;Lad Pur BO;Majra Dabas BO;Mubarak Pur Dabas BO;Nizampur BO;Punjab Khor BO;Rani Khera BO,28.734917,77.005556,,
110082,Delhi,NORTH,DELHI,Holambi Kalan BO;Khera Kalan SO;Khera Khurd BO;Naya Bans BO,28.772167,77.119000,,
110083,Delhi,NORTH WEST,DELHI,Mangolpuri A Block SO;Mangolpuri I Block SO;Mangolpuri N Block SO;Mangolpuri S Block SO,28.693667,77.090000,,
110084,Delhi,CENTRAL;NORTH,DELHI,Burari SO;Jagatpur BO;Jharoda Majraa BO;Nathupura Village SO;Sant Nagar SO;Wazirabad Village SO,28.757222,77.197778,,
110085,Delhi,NORTH WEST,DELHI,Avantika SO;Prashant Vihar SO;Rithala BO;Rohini Courts SO;Rohini sec11 SO;Rohini Sector 16 PO;Rohini Sector 5 SO;Rohini Sector7 SO,28.693361,77.171389,,
110086,Delhi,NORTH WEST,DELHI,Begumpur BO;Budh Vihar BO;KIRARI SULEMAN NAGAR SO;Pooth Kalan BO;Prem Nagar BO;Sultanpuri B Block SO;Sultanpuri C Block SO;Sultanpuri F Block SO,28.701611,77.079722,,
110087,Delhi,WEST,DELHI,Jwala Puri S.O;Peeragarhi B.O;Sunder Vihar S.O,28.666389,77.088167,,
110088,Delhi,NORTH,DELHI,Haiderpur SO;Shalamar BO;Shalimar Bagh SO North West Delhi,28.693361,77.171389,,
110089,Delhi,NORTH WEST,DELHI,Rohini Sector 15 SO,28.734806,77.132500,,
110090,Delhi,NORTH EAST,DELHI,Badarpur Khadar BO;Karawal Nagar SO;Khajoori Khas BO;Sabhapur BO;Shaheed Bhagat Singh Colony SO;Sonia Vihar SO,28.725944,77.272639,,
110091,Delhi,EAST,DELHI,CHILLA SO;Himmatpuri SO;Kalyanpuri SO;Kalyanvas SO;Mayur Vihar PhI SO;Patparganj SO;Trilok Puri SO,28.614361,77.290028,,
110092,Delhi,EAST;SHAHDARA,DELHI,Anand Vihar SO;IP Extension SO;Laxmi Nagar Extension SO;Laxmi Nagar SO East Delhi;Mandawali Fazalpur SO;Nirman Vihar SO;Shakarpur SO;Surajmal Vihar SO;Yozna Vihar SO,28.692111,77.304222,,
110093,Delhi,NORTH EAST,DELHI,Harsh Vihar SO;Housing Complex Loni Road SO;Mandoli Saboli BO;Nand Nagri C SO,28.692111,77.304222,,
110094,Delhi,NORTH EAST,DELHI,Dayalpur BO;Gokal Puri SO;Johripur BO,28.703944,77.283306,,
110095,Delhi,SHAHDARA,DELHI,Dilshad Garden SO;GTB Hospital SO;Jhilmil HO;Jhilmil Tahirpur BO;New Seemapuri SO;Old Seemapuri SO;Vishwakarma Nagar SO;Vivek Vihar SO,28.673917,77.319833,,
110096,Delhi,EAST,DELHI,Ghazipur BO;Mayur Vihar PhIII SO;New Ashok Nagar S.O;Vasundhra Enclave SO,28.622194,77.316722,,
110097,Delhi,SOUTH WEST,DELHI,Kapashera SO,28.528884,77.086554,,
110099,Delhi,NORTH WEST,DELHI,ROHINI SECTOR 23 SO,28.720596,77.080909,,
110102,Delhi,NEW DELHI,DELHI,NDC NDHO,28.631428,77.205714,,
110106,Delhi,NORTH,DELHI,DELHI GPO NDC,28.662289,77.235553,,
110110,Delhi,NORTH WEST,DELHI,Nodal Delivery Centre(Parcel) Rohini,28.715750,77.110000,,
110119,Delhi,SOUTH EAST,DELHI,KALKAJI NDC,28.542802,77.257506,,
110124,Delhi,SOUTH,DELHI,LAJPAT NAGAR NDC,28.567906,77.241397,,
110151,Delhi,SHAHDARA,DELHI,KRISHNA NAGAR NDC,28.645733,77.299774,,
110195,Delhi,SHAHDARA,DELHI,JHILMIL NDC,28.673961,77.319696,,
121001,Faridabad,FARIDABAD,HARYANA,Factory Area Faridabad SO;Faridabad NIT HO;Feroz Gandhi Nagar Faridabad SO;Industrial Area Faridabad SO;Nh2 Faridabad SO;Nh3 Faridabad SO;Nh4 Faridabad SO;NIFM Faridabad SO,28.391778,77.302139,,
121002,Faridabad,FARIDABAD,HARYANA,Bhaskola BO;Faridabad City SO;Faridabad Sector 16 SO;Faridabad Sector 16a SO;Faridabad Sector 18 SO;Kheri Kalan BO,28.391778,77.302139,,
121003,Faridabad,FARIDABAD,HARYANA,Amarnagar SO Faridabad;Anangpur BO;Gurukul Indraprashtha BO;Mathura Road Faridabad SO;Tilpat BO,28.391778,77.302139,,
121004,Faridabad,FARIDABAD,HARYANA,Atali BO;Ballabgarh SO;Baroli BO;Chawla Colony Ballabgarh SO;Chhainsa BO;Dayalpur BO;Deeg BO;Dhauj BO;Faridabad Sector 3 SO;Fatehpur Billoch BO;Fatehpur Tagga BO;Gonchhi BO;Jawan BO;Machhgar BO;Mohna BO;Neemka BO;Pali BO;Panhera Khurd BO;Sagarpur BO;Seekri BO,28.338167,77.322917,,
121005,Faridabad,FARIDABAD,HARYANA,Faridabad Sector 22 SO;Jawahar Colony Faridabad SO,28.391778,77.302139,,
121006,Faridabad,FARIDABAD,HARYANA,Faridabad Sector 7 SO;Faridabad Sector 8 SO;Faridabad Sector 9 SO;GT Road Faridabad SO,28.391778,77.302139,,
121007,Faridabad,FARIDABAD,HARYANA,Escortsnagar Faridabad SO;Faridabad Sector 12 SO;Faridabad Sector 15 SO,28.383278,77.325889,,
121008,Faridabad,FARIDABAD,HARYANA,Faridabad Sector 29 SO,28.391778,77.302139,,
121009,Faridabad,FARIDABAD,HARYANA,Surajkund Faridabad SO,28.488111,77.294583,,
121010,Faridabad,FARIDABAD,HARYANA,Nhpc Colony Faridabad SO;SECTOR46,28.439100,77.300900,,
121012,Faridabad,FARIDABAD,HARYANA,Sector21D SO,28.391778,77.302139,,
121013,Faridabad,FARIDABAD,HARYANA,Sec91 SO,28.391778,77.302139,,
121014,Faridabad,FARIDABAD,HARYANA,Greater Faridabad PO,28.472600,77.484800,,
121015,Faridabad,FARIDABAD,HARYANA,Sector55 PO,28.345300,77.296500,,
121101,Faridabad,FARIDABAD,HARYANA,Alipur BO;Badarpur Syed BO;Bhainsrawali BO;Bhuvapur BO;Chandpur BO;Faridpur BO;Kurali BO;Manjhawali BO;Tigaon SO,28.350389,77.399889,,
201001,Ghaziabad,GHAZIABAD,UTTAR PRADESH,Ashok Nagar SO;Ghaziabad HO;Nehru Nagar SO,28.668313,77.429831,,
201002,Ghaziabad,GHAZIABAD,UTTAR PRADESH,Kamla Nehru Nagar SO;Kavi Nagar SO;New Raj Nagar SO;Police Line Harsaon SO;Raispur BO;Rajapur BO;RAKNPA SO;Sadarpur BO;Shahpur Bamheta BO;Shastri Nagar SO;Vivekanand Nagar SO,28.667016,77.445992,,
201003,Ghaziabad,GHAZIABAD,UTTAR PRADESH,Atore Nangla BO;Aurangabad Ristal BO;Bahadurpur BO;BubKheri BO;Farrukh Ng BO;Meerut Road SO;Morta BO;Nistauli BO,28.950843,77.271135,,
201004,Ghaziabad,GHAZIABAD,UTTAR PRADESH,Hindon Air Field SO,28.692056,77.450333,,
201005,Ghaziabad,GHAZIABAD,UTTAR PRADESH,Pasonda BO;Sahibabad SO,28.679440,77.366431,,
201006,Ghaziabad,GHAZIABAD,UTTAR PRADESH,Bhopura SO;Chikamberpur SO,28.677412,77.325981,,
201007,Ghaziabad,GHAZIABAD,UTTAR PRADESH,Mohan Nagar SO,28.678386,77.374737,,
201009,Ghaziabad,GHAZIABAD,UTTAR PRADESH,Arya Nagar SO;Chipiana BO;Dasna Gate BO;Dundaheda BO;Ghaziabad City SO;Kaila BO;Nasratpura BO;NDC Ghaziabad;Roja Yakoobpur BO;Vijay Nagar SO,28.664012,77.425169,,
201010,Ghaziabad,GHAZIABAD,UTTAR PRADESH,Bharat Nagar SO;Hasanpur Bhowapur BO;IESahibabad SO;Kaushambi SO,28.668917,77.352917,,
201011,Ghaziabad,GHAZIABAD,UTTAR PRADESH,Chandra Nagar SO,28.664917,77.330289,,
201012,Ghaziabad,GHAZIABAD,UTTAR PRADESH,Vasundhra SO,28.653278,77.356694,,
201013,Ghaziabad,GHAZIABAD,UTTAR PRADESH,Govindpuram SO,28.685516,77.484188,,
201014,Ghaziabad,GHAZIABAD,UTTAR PRADESH,Shipra Sun City SO,28.639105,77.371468,,
201015,Ghaziabad,GHAZIABAD,UTTAR PRADESH,Adhyatmik Nagar BO;Dasna BO;Dasna RS BO;Hindon Nagar SO;Jindal Nagar BO;Kushlia BO;Nahal BO,28.683122,77.589057,,
201016,Ghaziabad,GHAZIABAD,UTTAR PRADESH,Crossings Republik SO,28.625650,77.435080,,
201017,Ghaziabad,GHAZIABAD,UTTAR PRADESH,Raj Nagar Extension SO,28.689158,77.445173,,
201018,Ghaziabad,GHAZIABAD,UTTAR PRADESH,Model Town SO,28.652675,77.435622,,
201019,Ghaziabad,GHAZIABAD,UTTAR PRADESH,Vaishali SO,28.668111,77.428472,,
201020,Ghaziabad,GHAZIABAD,UTTAR PRADESH,Khora SO,28.619644,77.346209,,
201021,Ghaziabad,GHAZIABAD,UTTAR PRADESH,Abhay Khand 03 SO,28.634080,77.345364,,
201102,Ghaziabad,GHAZIABAD,UTTAR PRADESH,Badshahpur Siroli BO;Behta Hazipur BO;Chirori BO;Jaoli BO;Loni SO;Mandola BO;Teela Shahbazpur BO,28.749361,77.286111,,
201103,Ghaziabad,GHAZIABAD,UTTAR PRADESH,Meerpur Hindu;Tronica City SO,28.780733,77.266287,,
201201,Ghaziabad,GHAZIABAD,UTTAR PRADESH,Churiyala BO;Govindpuri SO;Harmukhpuri SO;Rori BO;Saidpur BO;Sara BO;Talheta BO,28.855872,77.591212,,
201204,Ghaziabad,GHAZIABAD,UTTAR PRADESH,Begmabad BO;Gyaspur BO;Khanjarpur BO;Khindora BO;Modi Nagar SO;Nagla Akhu BO;Niwari BO;Painga BO;Patla BO;Saunda BO;Shahjahanpur BO;Sikri Kalan BO;Sikri Khurd BO;Tibra BO,28.830004,77.569999,,
201206,Ghaziabad,GHAZIABAD,UTTAR PRADESH,Abupur BO;Basantpur Sainthli BO;Bhadauli BO;Bhikanpur BO;Didauli BO;Dosa Banjarpur BO;Duhai BO;Jalalabad BO;Jalalpur Dhindhar BO;Kakra BO;Kanauja BO;Khimawti BO;Kumhera BO;Murad Nagar Bazar SO;Murad Nagar SO;Murad Nagar Town BO;Nekpur BO;Noorpur BO;Raoli Kalan BO;Shahpur BO;Sultanpur BO;Surana BO,28.668111,77.428472,,
122001,Gurgaon,GURUGRAM,HARYANA,Arjun Nagar SO;Basai Road SO;GARAULI KHURD;Gurgaon HO;Gurgaon Kty SO;Gurgaon Sector 17 SO;Gurgaon South City I SO;Khandsa Road SO;Mini Sectt SO;New Colony SO Gurgaon;Shivaji Nagar SO Gurgaon;Urban Estate Gurgaon SO,28.462000,77.031639,,
122002,Gurgaon,GURUGRAM,HARYANA,DLF QE SO,28.466093,77.105835,,
122003,Gurgaon,GURUGRAM,HARYANA,Gurgaon Sector 45 SO;Gwal Pahari BO;Smaspur BO;Wazirabad BO,28.462000,77.031639,,
122004,Gurgaon,GURUGRAM,HARYANA,Khandsa BO;Kherki Daula BO;Lakhnaula BO;Narsinghpur SO;Sikanderpur BO;Sikohpur BO,28.413444,76.991806,,
122005,Gurgaon,GURUGRAM,HARYANA,Air Force SO,28.505611,77.071056,,
122006,Gurgaon,GURUGRAM,HARYANA,Basai BO;Daultabad BO;Gurgaon Village BO;Railwary Road SO;Ward No. 14 B.O,28.422722,77.103139,,
122007,Gurgaon,GURUGRAM,HARYANA,Industrial Estate SO Gurgaon,28.462000,77.031639,,
122008,Gurgaon,GURUGRAM,HARYANA,DLF PhII SO,28.462000,77.031639,,
122009,Gurgaon,GURUGRAM,HARYANA,Galleria DLFIV SO,28.340889,76.756194,,
122010,Gurgaon,GURUGRAM,HARYANA,DLF PhIII SO,28.466093,77.105835,,
122011,Gurgaon,GURUGRAM,HARYANA,Gurgaon Sector 56 SO,28.462000,77.031639,,
122012,Gurgaon,GURUGRAM,HARYANA,Vatika India Sec 82 SO,28.413887,76.993195,,
122015,Gurgaon,GURUGRAM,HARYANA,Palam Road SO,28.497361,77.063056,,
122016,Gurgaon,GURUGRAM,HARYANA,Industrial Complex Dundahera SO,28.496583,77.085278,,
122017,Gurgaon,GURUGRAM,HARYANA,Palam Vihar SO Gurgaon,28.462000,77.031639,,
122018,Gurgaon,GURUGRAM,HARYANA,D Block South City II Gurgaon;Gurgaon South City II SO,28.462000,77.031639,,
122051,Gurgaon,GURUGRAM,HARYANA,Kasan BO;Nsg Camp Manesar SO,28.342000,76.936528,,
122052,Gurgaon,GURUGRAM,HARYANA,IMT Manesar SO,28.342000,76.936472,,
122098,Gurgaon,GURUGRAM,HARYANA,CRPF Kadarpur SO,28.391382,77.051193,,
122101,Gurgaon,GURUGRAM,HARYANA,Badshahpur SO;Fazilpur BO;Kadarpur BO;Paltra BO;Teekli BO,28.392833,77.054917,,
122102,Gurgaon,GURUGRAM,HARYANA,Bhondsi SO;Damdama BO;Ghamroj BO;Kherla BO;Maruthi Kunj BO;Raisina BO;Rithoj BO,28.316833,77.062083,,
122103,Gurgaon,GURUGRAM,HARYANA,Bhirauti BO;Daulah BO;Garhi Wajidpur BO;Ghasera BO;Ghungola BO;KherliLala BO;Rewasan BO;Sohna SO,28.400250,77.067528,,
122413,Gurgaon,GURUGRAM,HARYANA,Bhorakalan SO;Bilaspur Khurd BO;Dhani Chitarsain BO;Moklawas BO;Pachgaon BO;Pathreri BO;Sidhrawali BO,,,,
122414,Gurgaon,GURUGRAM,HARYANA,Inchhapuri BO;Khatauli BO;Khor BO;Lokra BO;Nanukalan SO;Syed Shahpur BO,28.288250,76.684139,,
122502,Gurgaon,GURUGRAM,HARYANA,Jasat BO;Khalilpur SO;Pahari BO;Sherpur BO,28.274361,76.678972,,
122503,Gurgaon,GURUGRAM,HARYANA,Baslambi BO;Baspadamka BO;Jamalpur BO;Janaula BO;Narhera BO;Pataudi SO;Unchamajra BO,28.333278,76.773778,,
122504,Gurgaon,GURUGRAM,HARYANA,Gudhana BO;Haillymandi SO;Jataula BO;Jatauli BO;Karola BO;Khandewia BO;Mehchana BO;Noorgarh BO,28.335167,76.756111,,
122505,Gurgaon,GURUGRAM,HARYANA,Bhangrola BO;Budhera BO;Dhankot BO;Garhi Harsaru SO;Mankdola BO;Wazipur BO,28.438472,76.935444,,
122506,Gurgaon,GURUGRAM,HARYANA,Farrukh Nagar SO;Khera Khurampur BO;Patil RS BO;Sewari BO;Sultanpur BO;TAJ NAGAR BO,28.449306,76.821611,,
201008,Noida,GAUTAM BUDDHA NAGAR,UTTAR PRADESH,Bisara BO;Piaoli BO;Salarpur Kalan BO;Vidyut Nagar SO,28.535516,77.391026,,
201301,Noida,GAUTAM BUDDHA NAGAR,UTTAR PRADESH,Noida HO;Sec 16 Noida SO;Sec 27 Noida SO,28.579201,77.324242,,
201302,Noida,GAUTAM BUDDHA NAGAR,UTTAR PRADESH,NDC Noida,28.578700,77.313400,,
201303,Noida,GAUTAM BUDDHA NAGAR,UTTAR PRADESH,Sec37 Noida SO;Sec41 Noida SO;Sec45 Noida SO;Sector 30 Noida SO,28.581020,77.342346,,
201304,Noida,GAUTAM BUDDHA NAGAR,UTTAR PRADESH,Baraula BO;Chhaprauli Bengar BO;Gejha BO;Maharshi Nagar SO,28.533696,77.385126,,
201305,Noida,GAUTAM BUDDHA NAGAR,UTTAR PRADESH,Nagla Charandas BO;NEPZ SO,28.535936,77.396874,,
201306,Noida,GAUTAM BUDDHA NAGAR,UTTAR PRADESH,CRPF Greater Noida SO;IA Surajpur SO;Kulesra BO,28.513425,77.477903,,
201307,Noida,GAUTAM BUDDHA NAGAR,UTTAR PRADESH,Sarfabad BO;Sec 12 Noida SO;Sec34 Noida SO;Sec55 Noida SO,28.588278,77.351061,,
201309,Noida,GAUTAM BUDDHA NAGAR,UTTAR PRADESH,Chhajarsi BO;Sec62 Noida SO,28.624805,77.402992,,
201310,Noida,GAUTAM BUDDHA NAGAR,UTTAR PRADESH,Alpha Greater Noida SO;Ghori BO;Knowledge ParkI SO;Sakipur BO,28.474687,77.509446,,
201311,Noida,GAUTAM BUDDHA NAGAR,UTTAR PRADESH,Container Depot SO;Kheri Bhanota BO;Pali BO;Tilapta Karanwas BO,28.530883,77.532615,,
201312,Noida,GAUTAM BUDDHA NAGAR,UTTAR PRADESH,Gautam Budh University SO;Kasna BO;Maicha BO,28.466554,77.425571,,
201313,Noida,GAUTAM BUDDHA NAGAR,UTTAR PRADESH,Amity university SO,28.547172,77.334369,,
201314,Noida,GAUTAM BUDDHA NAGAR,UTTAR PRADESH,Behrampur BO;Chainsa BO;Chholas BO;Chithera BO;Khandera BO;Kot BO;Luharli BO;Sainthli BO;Shiv Nadar University SO,28.533074,77.575993,,
201315,Noida,GAUTAM BUDDHA NAGAR,UTTAR PRADESH,Gurjinder Vihar SO,28.446060,77.509800,,
201316,Noida,GAUTAM BUDDHA NAGAR,UTTAR PRADESH,Sec 122 Noida SO,28.595731,77.402297,,
201317,Noida,GAUTAM BUDDHA NAGAR,UTTAR PRADESH,Sec 128 Noida SO,28.522910,77.354820,,
201318,Noida,GAUTAM BUDDHA NAGAR,UTTAR PRADESH,Sec 01 Greater Noida SO,28.668111,77.428472,,
203135,Noida,GAUTAM BUDDHA NAGAR,UTTAR PRADESH,Dayanatpur BO;Faleda BO;Jewar SO;Kanigarhi BO;Kureb BO;Mangrauli BO;Sabota Zafrabad BO,28.248635,77.854720,,
203141,Noida,GAUTAM BUDDHA NAGAR,UTTAR PRADESH,Bhaipur BO;Bhunna Jattan BO;Chhapana BO;Chingrawly BO;Firoujpur BO;Gotheny BO;Hasanpur BO;Jahangirpur SO;Jawan BO;Lodana BO;Narmohamadpur BO;Ram Garhi BO;Shahpur Kala BO,28.178796,77.703713,,
203155,Noida,GAUTAM BUDDHA NAGAR,UTTAR PRADESH,Ahamedpur Chauroli BO;Bankapur BO;Chanchali BO;Kishore Pur BO;Manchad BO;Neemka BO;Runhera BO;Thora SO,28.141841,77.640309,,
203201,Noida,GAUTAM BUDDHA NAGAR,UTTAR PRADESH,Dankaur SO;Dhanouri Kalan BO;Mirzapur Niloni BO;Nawada BO;Parsol BO,28.403722,77.856028,,
203202,Noida,GAUTAM BUDDHA NAGAR,UTTAR PRADESH,Astauly BO;Baroda BO;Bilaspur BO;Chiti BO;Deota BO;Gurukul Sikandrabad SO;Rasool pur Rithaury BO;Salempur Gujar BO;Wair BO,28.409631,77.645960,,
203203,Noida,GAUTAM BUDDHA NAGAR,UTTAR PRADESH,Banchaoli BO;Bichhat Sujanpur BO;Biraundi Tajpur BO;Chola BO;Dhanaura BO;Jhajhar BO;Kakore SO;Khabra Khanpur BO;Mahmoodpur Jadon BO;Salempur Jat BO;Sunpera BO;Wailana BO,28.300070,77.692754,,
203207,Noida,GAUTAM BUDDHA NAGAR,UTTAR PRADESH,Achheja BO;Bambawar BO;Bedpura BO;Dadri SO;Dhoom BO;Dujana BO;Jarcha BO;Kachera Versabad BO;Kalaunda BO;Khatana BO,28.582462,77.547612,,
203209,Noida,GAUTAM BUDDHA NAGAR,UTTAR PRADESH,Bhaipur Brahmanan BO;Karauli Banger BO;Rabupura SO;Ronija BO;Tirthaly BO,28.257253,77.604353,,
